folder,average_range (m),average_beat_frequency (Hz),ground_truth (m),distance_error (m)
/store/wizar/HAR_code_complex/radardataM/radar_detection1/wRadar/separate_files/stand_68_degres_2m_1personnes_rep1,6.0,8000.0,2.0,4.0
/store/wizar/HAR_code_complex/radardataM/radar_detection1/wRadar/separate_files/stand_68_degres_2m_1personnesLAB2_rep1,6.0,8000.0,2.0,4.0
/store/wizar/HAR_code_complex/radardataM/radar_detection1/wRadar/separate_files/stand_68_degres_1.5m_1personnesLAB2_rep1,6.0,8000.0,1.5,4.5
/store/wizar/HAR_code_complex/radardataM/radar_detection1/wRadar/separate_files/stand_68_degres_1.5m_1personnes_rep1,6.0,8000.0,1.5,4.5
/store/wizar/HAR_code_complex/radardataM/radar_detection1/wRadar/separate_files/stand_90_degres_2m_1personnesLAB2_rep1,6.0,8000.0,2.0,4.0
/store/wizar/HAR_code_complex/radardataM/radar_detection1/wRadar/separate_files/stand_90_degres_2m_1personnes_rep1,6.0,8000.0,2.0,4.0
/store/wizar/HAR_code_complex/radardataM/radar_detection1/wRadar/separate_files/stand_68_degres_3m_1personnes_rep1,6.0,8000.0,3.0,3.0
/store/wizar/HAR_code_complex/radardataM/radar_detection1/wRadar/separate_files/stand_68_degres_3m_1personnesLAB2_rep1,6.0,8000.0,3.0,3.0
/store/wizar/HAR_code_complex/radardataM/radar_detection1/wRadar/separate_files/stand_68_degres_1m_1personnesLAB2_rep3,6.673982188295166,8898.642917726887,1.0,5.673982188295166
/store/wizar/HAR_code_complex/radardataM/radar_detection1/wRadar/separate_files/stand_90_degres_4.5m_1personnesLAB2_rep1,6.0,8000.0,4.5,1.5
/store/wizar/HAR_code_complex/radardataM/radar_detection1/wRadar/separate_files/stand_90_degres_4.5m_1personnes_rep1,6.0,8000.0,4.5,1.5
/store/wizar/HAR_code_complex/radardataM/radar_detection1/wRadar/separate_files/stand_90_degres_3m_1personnes_rep1,6.0,8000.0,3.0,3.0
/store/wizar/HAR_code_complex/radardataM/radar_detection1/wRadar/separate_files/stand_90_degres_3m_1personnesLAB2_rep1,6.0,8000.0,3.0,3.0
/store/wizar/HAR_code_complex/radardataM/radar_detection1/wRadar/separate_files/stand_90_degres_3.5m_1personnesLAB2_rep1,6.0,8000.0,3.5,2.5
/store/wizar/HAR_code_complex/radardataM/radar_detection1/wRadar/separate_files/stand_90_degres_3.5m_1personnes_rep1,6.0,8000.0,3.5,2.5
/store/wizar/HAR_code_complex/radardataM/radar_detection1/wRadar/separate_files/stand_45_degres_1m_1personnes_rep1,6.005089058524173,8006.785411365563,1.0,5.005089058524173
/store/wizar/HAR_code_complex/radardataM/radar_detection1/wRadar/separate_files/stand_45_degres_1m_1personnesLAB2_rep1,6.0426208651399484,8056.827820186599,1.0,5.0426208651399484
/store/wizar/HAR_code_complex/radardataM/radar_detection1/wRadar/separate_files/stand_90_degres_4m_1personnes_rep1,6.0,8000.0,4.0,2.0
/store/wizar/HAR_code_complex/radardataM/radar_detection1/wRadar/separate_files/stand_90_degres_4m_1personnesLAB2_rep1,6.0,8000.0,4.0,2.0
/store/wizar/HAR_code_complex/radardataM/radar_detection1/wRadar/separate_files/stand_45_degres_2m_1personnes_rep1,6.0,8000.0,2.0,4.0
/store/wizar/HAR_code_complex/radardataM/radar_detection1/wRadar/separate_files/stand_45_degres_2m_1personnesLAB2_rep1,6.0,8000.0,2.0,4.0
/store/wizar/HAR_code_complex/radardataM/radar_detection1/wRadar/separate_files/stand_90_degres_2.5m_1personnes_rep1,6.0,8000.0,2.5,3.5
/store/wizar/HAR_code_complex/radardataM/radar_detection1/wRadar/separate_files/stand_90_degres_2.5m_1personnesLAB2_rep1,6.0,8000.0,2.5,3.5
/store/wizar/HAR_code_complex/radardataM/radar_detection1/wRadar/separate_files/stand_68_degres_3.5m_1personnesLAB2_rep1,6.0,8000.0,3.5,2.5
/store/wizar/HAR_code_complex/radardataM/radar_detection1/wRadar/separate_files/stand_68_degres_3.5m_1personnes_rep1,6.0,8000.0,3.5,2.5
/store/wizar/HAR_code_complex/radardataM/radar_detection1/wRadar/separate_files/stand_136_degres_0.9m_1personnesLAB2_rep1,6.0,8000.0,0.9,5.1
/store/wizar/HAR_code_complex/radardataM/radar_detection1/wRadar/separate_files/stand_136_degres_0.9m_1personnes_rep1,6.0,8000.0,0.9,5.1
/store/wizar/HAR_code_complex/radardataM/radar_detection1/wRadar/separate_files/stand_23_degres_1m_1personnes_rep1,6.0,8000.0,1.0,5.0
/store/wizar/HAR_code_complex/radardataM/radar_detection1/wRadar/separate_files/stand_23_degres_1m_1personnesLAB2_rep1,6.0,8000.0,1.0,5.0
/store/wizar/HAR_code_complex/radardataM/radar_detection1/wRadar/separate_files/stand_68_degres_2.5m_1personnes_rep1,6.0,8000.0,2.5,3.5
/store/wizar/HAR_code_complex/radardataM/radar_detection1/wRadar/separate_files/stand_68_degres_2.5m_1personnesLAB2_rep1,6.0,8000.0,2.5,3.5
/store/wizar/HAR_code_complex/radardataM/radar_detection1/wRadar/separate_files/stand_90_degres_5m_1personnesLAB2_rep1,6.0,8000.0,5.0,1.0
/store/wizar/HAR_code_complex/radardataM/radar_detection1/wRadar/separate_files/stand_90_degres_5m_1personnes_rep1,6.0,8000.0,5.0,1.0
/store/wizar/HAR_code_complex/radardataM/radar_detection1/wRadar/separate_files/stand_45_degres_1.5m_1personnes_rep1,6.0,8000.0,1.5,4.5
/store/wizar/HAR_code_complex/radardataM/radar_detection1/wRadar/separate_files/stand_45_degres_1.5m_1personnesLAB2_rep1,6.0,8000.0,1.5,4.5
/store/wizar/HAR_code_complex/radardataM/radar_detection1/wRadar/separate_files/stand_90_degres_1.5m_1personnesLAB2_rep1,5.997773536895674,7997.031382527566,1.5,4.497773536895674
/store/wizar/HAR_code_complex/radardataM/radar_detection1/wRadar/separate_files/stand_90_degres_1.5m_1personnes_rep1,6.0,8000.0,1.5,4.5
/store/wizar/HAR_code_complex/radardataM/radar_detection1/wRadar/separate_files/stand_90_degres_1m_1personnes_rep1,6.063613231552163,8084.817642069551,1.0,5.063613231552163
/store/wizar/HAR_code_complex/radardataM/radar_detection1/wRadar/separate_files/stand_90_degres_1m_1personnesLAB2_rep1,6.837150127226463,9116.200169635284,1.0,5.837150127226463
/store/wizar/HAR_code_complex/radardataM/radar_detection1/wRadar/separate_files/stand_23_degres_1.5m_1personnes_rep1,6.0,8000.0,1.5,4.5
/store/wizar/HAR_code_complex/radardataM/radar_detection1/wRadar/separate_files/stand_23_degres_1.5m_1personnesLAB2_rep1,6.0,8000.0,1.5,4.5
